[
{
    "fields": {
        "city": null,
        "name": "Philly Bike Coalition",
        "member_count": null,
        "created": "2014-03-21T13:28:34.956Z",
        "modified": "2014-03-21T13:28:34.956Z",
        "state": null,
        "session_length": 90,
        "slug": "phl-bike"
    },
    "model": "main.organization",
    "pk": 1
},
{
    "fields": {
        "has_west": true,
        "description": "",
        "created": "2014-03-21T20:18:34.128Z",
        "has_east": true,
        "has_south": true,
        "enabled": true,
        "modified": "2014-09-11T15:05:55.867Z",
        "longitude": "-75.161484",
        "has_north": true,
        "direction2": "Wash",
        "latitude": "39.93719",
        "organization": 1,
        "direction1": "11th",
        "type": "intersection",
        "name": "11th and Washington"
    },
    "model": "main.location",
    "pk": 1
},
{
    "fields": {
        "has_west": true,
        "description": null,
        "created": "2014-03-25T15:36:29.216Z",
        "has_east": true,
        "has_south": true,
        "enabled": true,
        "modified": "2014-03-25T15:36:29.223Z",
        "longitude": null,
        "has_north": true,
        "direction2": null,
        "latitude": null,
        "organization": 1,
        "direction1": null,
        "type": "intersection",
        "name": "22nd and Sansom"
    },
    "model": "main.location",
    "pk": 2
},
{
    "fields": {
        "has_west": true,
        "description": null,
        "created": "2014-04-01T19:52:39.727Z",
        "has_east": true,
        "has_south": false,
        "enabled": true,
        "modified": "2014-09-11T15:05:55.878Z",
        "longitude": "-75.14823",
        "has_north": false,
        "direction2": "West",
        "latitude": "39.955403",
        "organization": 1,
        "direction1": "East",
        "type": "bridge",
        "name": "Ben Franklin Bridge"
    },
    "model": "main.location",
    "pk": 4
},
{
    "fields": {
        "has_west": true,
        "description": null,
        "created": "2014-04-01T19:52:39.731Z",
        "has_east": false,
        "has_south": false,
        "enabled": true,
        "modified": "2014-09-11T15:05:55.883Z",
        "longitude": "-75.181894",
        "has_north": false,
        "direction2": "West",
        "latitude": "39.951527",
        "organization": 1,
        "direction1": "East",
        "type": "bridge",
        "name": "Walnut St Bridge - Mid Bridge"
    },
    "model": "main.location",
    "pk": 5
},
{
    "fields": {
        "has_west": true,
        "description": null,
        "created": "2014-04-01T19:52:39.735Z",
        "has_east": true,
        "has_south": false,
        "enabled": true,
        "modified": "2014-09-11T15:05:55.888Z",
        "longitude": "-75.187039",
        "has_north": false,
        "direction2": "West",
        "latitude": "39.947023",
        "organization": 1,
        "direction1": "East",
        "type": "bridge",
        "name": "South St Bridge  - Mid Bridge"
    },
    "model": "main.location",
    "pk": 6
},
{
    "fields": {
        "has_west": false,
        "description": null,
        "created": "2014-04-01T19:52:39.740Z",
        "has_east": true,
        "has_south": false,
        "enabled": true,
        "modified": "2014-09-11T15:05:55.892Z",
        "longitude": "-75.181046",
        "has_north": false,
        "direction2": "West",
        "latitude": "39.953001",
        "organization": 1,
        "direction1": "East",
        "type": "bridge",
        "name": "Chestnut St Bridge - Mid Bridge"
    },
    "model": "main.location",
    "pk": 7
},
{
    "fields": {
        "has_west": true,
        "description": null,
        "created": "2014-04-01T19:52:39.743Z",
        "has_east": true,
        "has_south": false,
        "enabled": true,
        "modified": "2014-09-11T15:05:55.895Z",
        "longitude": "-75.180354",
        "has_north": false,
        "direction2": "West",
        "latitude": "39.954459",
        "organization": 1,
        "direction1": "East",
        "type": "bridge",
        "name": "Market St Bridge - Mid Bridge"
    },
    "model": "main.location",
    "pk": 8
},
{
    "fields": {
        "has_west": true,
        "description": null,
        "created": "2014-04-01T19:52:39.747Z",
        "has_east": true,
        "has_south": false,
        "enabled": true,
        "modified": "2014-09-11T15:05:55.898Z",
        "longitude": "-75.183497",
        "has_north": false,
        "direction2": "West",
        "latitude": "39.964319",
        "organization": 1,
        "direction1": "East",
        "type": "bridge",
        "name": "Spring Garden St Bridge - Mid Bridge"
    },
    "model": "main.location",
    "pk": 9
},
{
    "fields": {
        "has_west": false,
        "description": null,
        "created": "2014-04-01T19:52:39.751Z",
        "has_east": true,
        "has_south": true,
        "enabled": true,
        "modified": "2014-09-11T15:05:55.901Z",
        "longitude": "-75.158259",
        "has_north": false,
        "direction2": "Pine",
        "latitude": "39.944905",
        "organization": 1,
        "direction1": "10th",
        "type": "intersection",
        "name": "10th and Pine"
    },
    "model": "main.location",
    "pk": 10
},
{
    "fields": {
        "has_west": true,
        "description": null,
        "created": "2014-04-01T19:52:39.755Z",
        "has_east": false,
        "has_south": false,
        "enabled": true,
        "modified": "2014-09-11T15:05:55.904Z",
        "longitude": "-75.162644",
        "has_north": true,
        "direction2": "Spruce",
        "latitude": "39.946927",
        "organization": 1,
        "direction1": "13th",
        "type": "intersection",
        "name": "13th and Spruce"
    },
    "model": "main.location",
    "pk": 11
},
{
    "fields": {
        "has_west": false,
        "description": "",
        "created": "2014-04-01T19:52:39.759Z",
        "has_east": true,
        "has_south": true,
        "enabled": true,
        "modified": "2014-09-11T15:05:55.910Z",
        "longitude": "-75.165099",
        "has_north": true,
        "direction2": "Pine",
        "latitude": "39.945555",
        "organization": 1,
        "direction1": "Broad",
        "type": "intersection",
        "name": "Broad and Pine"
    },
    "model": "main.location",
    "pk": 12
},
{
    "fields": {
        "has_west": true,
        "description": null,
        "created": "2014-04-01T19:52:39.763Z",
        "has_east": false,
        "has_south": false,
        "enabled": true,
        "modified": "2014-09-11T15:05:55.915Z",
        "longitude": "-75.17785",
        "has_north": true,
        "direction2": "Spruce",
        "latitude": "39.948609",
        "organization": 1,
        "direction1": "22nd",
        "type": "intersection",
        "name": "22nd and Spruce"
    },
    "model": "main.location",
    "pk": 13
},
{
    "fields": {
        "has_west": false,
        "description": null,
        "created": "2014-04-01T19:52:39.766Z",
        "has_east": true,
        "has_south": true,
        "enabled": true,
        "modified": "2014-09-11T15:05:55.918Z",
        "longitude": "-75.176585",
        "has_north": false,
        "direction2": "Pine",
        "latitude": "39.946987",
        "organization": 1,
        "direction1": "21st",
        "type": "intersection",
        "name": "21st and Pine"
    },
    "model": "main.location",
    "pk": 14
},
{
    "fields": {
        "has_west": true,
        "description": null,
        "created": "2014-04-01T19:52:39.770Z",
        "has_east": true,
        "has_south": true,
        "enabled": true,
        "modified": "2014-09-11T15:05:55.922Z",
        "longitude": "-75.199207",
        "has_north": true,
        "direction2": "Spruce",
        "latitude": "39.951251",
        "organization": 1,
        "direction1": "38th",
        "type": "intersection",
        "name": "38th and Spruce"
    },
    "model": "main.location",
    "pk": 15
},
{
    "fields": {
        "has_west": true,
        "description": null,
        "created": "2014-04-01T19:52:39.773Z",
        "has_east": false,
        "has_south": true,
        "enabled": true,
        "modified": "2014-09-11T15:05:55.926Z",
        "longitude": "-75.210048",
        "has_north": false,
        "direction2": "Walnut",
        "latitude": "39.955037",
        "organization": 1,
        "direction1": "44th",
        "type": "intersection",
        "name": "44th and Walnut"
    },
    "model": "main.location",
    "pk": 16
},
{
    "fields": {
        "has_west": true,
        "description": null,
        "created": "2014-04-01T19:52:39.777Z",
        "has_east": true,
        "has_south": false,
        "enabled": true,
        "modified": "2014-09-11T15:05:55.930Z",
        "longitude": "-75.146579",
        "has_north": true,
        "direction2": "Spring Garden",
        "latitude": "39.961183",
        "organization": 1,
        "direction1": "5th",
        "type": "intersection",
        "name": "5th and Spring Garden"
    },
    "model": "main.location",
    "pk": 17
},
{
    "fields": {
        "has_west": true,
        "description": null,
        "created": "2014-04-01T19:52:39.781Z",
        "has_east": true,
        "has_south": false,
        "enabled": true,
        "modified": "2014-09-11T15:05:55.933Z",
        "longitude": "-75.15572",
        "has_north": true,
        "direction2": "CecilB",
        "latitude": "39.978374",
        "organization": 1,
        "direction1": "13th",
        "type": "intersection",
        "name": "13th and Cecil B Moore"
    },
    "model": "main.location",
    "pk": 18
},
{
    "fields": {
        "has_west": true,
        "description": null,
        "created": "2014-04-01T19:52:39.784Z",
        "has_east": true,
        "has_south": true,
        "enabled": true,
        "modified": "2014-09-11T15:05:55.938Z",
        "longitude": "-75.134441",
        "has_north": true,
        "direction2": "Frankford",
        "latitude": "39.968828",
        "organization": 1,
        "direction1": "Girard",
        "type": "intersection",
        "name": "Girard and Frankford"
    },
    "model": "main.location",
    "pk": 19
},
{
    "fields": {
        "system_name": "yes_no",
        "modified": "2014-03-27T22:27:43.695Z",
        "name": "Yes/No",
        "created": "2014-03-27T22:27:43.694Z"
    },
    "model": "main.valueset",
    "pk": 1
},
{
    "fields": {
        "system_name": "cardinality",
        "modified": "2014-09-11T15:07:04.575Z",
        "name": "Cardinality",
        "created": "2014-03-27T22:43:45.445Z"
    },
    "model": "main.valueset",
    "pk": 2
},
{
    "fields": {
        "system_name": "gender",
        "modified": "2014-04-22T14:29:43.099Z",
        "name": "Gender",
        "created": "2014-04-22T14:29:43.098Z"
    },
    "model": "main.valueset",
    "pk": 3
},
{
    "fields": {
        "system_name": "direction",
        "modified": "2014-09-11T15:07:12.491Z",
        "name": "Direction",
        "created": "2014-09-11T15:07:12.488Z"
    },
    "model": "main.valueset",
    "pk": 4
},
{
    "fields": {
        "stored_value": "yes",
        "value_set": 1,
        "modified": "2014-03-27T22:30:10.346Z",
        "created": "2014-03-27T22:30:02.874Z",
        "is_default": false,
        "display_value": "Yes"
    },
    "model": "main.value",
    "pk": 1
},
{
    "fields": {
        "stored_value": "no",
        "value_set": 1,
        "modified": "2014-03-27T22:30:16.827Z",
        "created": "2014-03-27T22:30:16.824Z",
        "is_default": false,
        "display_value": "No"
    },
    "model": "main.value",
    "pk": 2
},
{
    "fields": {
        "stored_value": "north",
        "value_set": 2,
        "modified": "2014-03-27T22:44:29.802Z",
        "created": "2014-03-27T22:44:03.949Z",
        "is_default": false,
        "display_value": "North"
    },
    "model": "main.value",
    "pk": 3
},
{
    "fields": {
        "stored_value": "south",
        "value_set": 2,
        "modified": "2014-03-27T22:44:35.141Z",
        "created": "2014-03-27T22:44:10.448Z",
        "is_default": false,
        "display_value": "South"
    },
    "model": "main.value",
    "pk": 4
},
{
    "fields": {
        "stored_value": "east",
        "value_set": 2,
        "modified": "2014-03-27T22:44:17.828Z",
        "created": "2014-03-27T22:44:17.825Z",
        "is_default": false,
        "display_value": "East"
    },
    "model": "main.value",
    "pk": 5
},
{
    "fields": {
        "stored_value": "west",
        "value_set": 2,
        "modified": "2014-03-27T22:44:24.737Z",
        "created": "2014-03-27T22:44:24.734Z",
        "is_default": false,
        "display_value": "West"
    },
    "model": "main.value",
    "pk": 6
},
{
    "fields": {
        "stored_value": "m",
        "value_set": 3,
        "modified": "2014-09-16T13:59:27.105Z",
        "created": "2014-04-22T14:30:08.670Z",
        "is_default": true,
        "display_value": "Male"
    },
    "model": "main.value",
    "pk": 7
},
{
    "fields": {
        "stored_value": "f",
        "value_set": 3,
        "modified": "2014-04-22T14:30:16.784Z",
        "created": "2014-04-22T14:30:16.780Z",
        "is_default": false,
        "display_value": "Female"
    },
    "model": "main.value",
    "pk": 8
},
{
    "fields": {
        "stored_value": "1",
        "value_set": 4,
        "modified": "2014-09-12T14:50:37.455Z",
        "created": "2014-09-11T15:07:37.634Z",
        "is_default": false,
        "display_value": "one"
    },
    "model": "main.value",
    "pk": 12
},
{
    "fields": {
        "stored_value": "2",
        "value_set": 4,
        "modified": "2014-09-12T14:50:32.576Z",
        "created": "2014-09-11T15:07:49.328Z",
        "is_default": false,
        "display_value": "two"
    },
    "model": "main.value",
    "pk": 13
},
{
    "fields": {
        "system_name": "helmet",
        "name": "Helmet",
        "value_set": 1,
        "created": "2014-03-27T22:31:10.875Z",
        "modified": "2014-03-27T22:31:10.877Z",
        "desc": "Wearing a helmet?"
    },
    "model": "main.metric",
    "pk": 1
},
{
    "fields": {
        "system_name": "cardinality",
        "name": "Cardinality",
        "value_set": 2,
        "created": "2014-03-27T22:45:06.640Z",
        "modified": "2014-09-11T15:09:10.022Z",
        "desc": "Which nsew direction?"
    },
    "model": "main.metric",
    "pk": 2
},
{
    "fields": {
        "system_name": "gender",
        "name": "Gender",
        "value_set": 3,
        "created": "2014-04-22T14:29:47.553Z",
        "modified": "2014-04-22T14:29:47.559Z",
        "desc": "Gender"
    },
    "model": "main.metric",
    "pk": 3
},
{
    "fields": {
        "system_name": "sidewalk",
        "name": "Sidewalk",
        "value_set": 1,
        "created": "2014-04-22T14:35:51.154Z",
        "modified": "2014-04-22T14:35:51.156Z",
        "desc": "Riding on sidewalk?"
    },
    "model": "main.metric",
    "pk": 4
},
{
    "fields": {
        "system_name": "wrong_way",
        "name": "Wrong Way",
        "value_set": 1,
        "created": "2014-04-22T14:36:15.454Z",
        "modified": "2014-04-22T14:36:15.458Z",
        "desc": "Riding the wrong way?"
    },
    "model": "main.metric",
    "pk": 5
},
{
    "fields": {
        "system_name": "direction",
        "name": "Direction",
        "value_set": 4,
        "created": "2014-09-11T15:09:29.681Z",
        "modified": "2014-09-11T15:09:29.686Z",
        "desc": "Which direction?"
    },
    "model": "main.metric",
    "pk": 6
},
{
    "fields": {
        "system_name": "bike_on_bus",
        "modified": "2014-08-28T14:08:49.889Z",
        "name": "Bike On Bus",
        "created": "2014-08-28T14:08:49.887Z"
    },
    "model": "main.event",
    "pk": 1
},
{
    "fields": {
        "system_name": "pedestrian",
        "modified": "2014-09-12T17:20:20.592Z",
        "name": "Pedestrian",
        "created": "2014-09-12T17:20:20.588Z"
    },
    "model": "main.event",
    "pk": 2
},
{
    "fields": {
        "event": 1,
        "organization": 1,
        "modified": "2014-08-28T14:10:31.219Z",
        "created": "2014-08-28T14:10:31.209Z"
    },
    "model": "main.organizationevents",
    "pk": 1
},
{
    "fields": {
        "event": 2,
        "organization": 1,
        "modified": "2014-09-12T17:20:38.745Z",
        "created": "2014-09-12T17:20:38.731Z"
    },
    "model": "main.organizationevents",
    "pk": 2
},
{
    "fields": {
        "created": "2014-03-27T22:31:36.868Z",
        "metric": 1,
        "required": true,
        "modified": "2014-04-22T14:33:07.259Z",
        "organization": 1,
        "order": 2
    },
    "model": "main.organizationmetrics",
    "pk": 1
},
{
    "fields": {
        "created": "2014-03-27T22:45:08.933Z",
        "metric": 6,
        "required": true,
        "modified": "2014-09-11T15:09:40.439Z",
        "organization": 1,
        "order": 1
    },
    "model": "main.organizationmetrics",
    "pk": 2
},
{
    "fields": {
        "created": "2014-04-22T14:30:36.717Z",
        "metric": 3,
        "required": true,
        "modified": "2014-04-22T14:32:57.015Z",
        "organization": 1,
        "order": 0
    },
    "model": "main.organizationmetrics",
    "pk": 3
},
{
    "fields": {
        "created": "2014-04-22T14:35:57.670Z",
        "metric": 4,
        "required": true,
        "modified": "2014-04-22T14:35:57.675Z",
        "organization": 1,
        "order": 4
    },
    "model": "main.organizationmetrics",
    "pk": 4
},
{
    "fields": {
        "created": "2014-04-22T14:36:19.482Z",
        "metric": 5,
        "required": true,
        "modified": "2014-04-22T14:36:19.487Z",
        "organization": 1,
        "order": 5
    },
    "model": "main.organizationmetrics",
    "pk": 5
},
{
    "fields": {
        "username": "admin",
        "first_name": "",
        "last_name": "",
        "is_active": true,
        "is_superuser": true,
        "is_staff": true,
        "last_login": "2014-12-29T15:20:40.274Z",
        "groups": [],
        "user_permissions": [],
        "password": "pbkdf2_sha256$12000$QXyJVjzHnPWt$4fgnQLGqbegWkuiqbG9pjiYN14JKRdHu7g1c5B5Kx4c=",
        "email": "changeme@aaa.com",
        "date_joined": "2014-03-21T13:22:19.333Z"
    },
    "model": "auth.user",
    "pk": 1
},
{
    "fields": {
        "organization": 1,
        "user": 1,
        "role": "member",
        "modified": "2014-03-21T16:19:29.382Z",
        "created": "2014-03-21T16:19:29.381Z"
    },
    "model": "main.membership",
    "pk": 1
},
{
    "fields": {
        "actual_end": "2014-10-28T23:24:04.791Z",
        "created": "2014-03-25T13:27:42.520Z",
        "modified": "2014-10-28T23:24:04.791Z",
        "scheduled_start": "2014-08-26T13:27:40Z",
        "user": 1,
        "organization": 1,
        "actual_start": "2014-10-28T23:19:23.874Z",
        "time_taken": 160000,
        "location": 1
    },
    "model": "main.appointment",
    "pk": 1
},
{
    "fields": {
        "actual_end": null,
        "created": "2014-08-26T14:26:37.212Z",
        "modified": "2014-08-26T14:26:37.212Z",
        "scheduled_start": "2014-09-05T14:26:37.197Z",
        "user": null,
        "organization": 1,
        "actual_start": null,
        "time_taken": 0,
        "location": 18
    },
    "model": "main.appointment",
    "pk": 6
}
]
