[
{
    "fields": {
        "city": null,
        "name": "Philly Bike Coalition",
        "member_count": null,
        "created": "2014-03-21T13:28:34.956Z",
        "modified": "2014-03-21T13:28:34.956Z",
        "state": null,
        "slug": "phl-bike"
    },
    "model": "main.organization",
    "pk": 1
},
{
    "fields": {
        "organization": 1,
        "user": 1,
        "role": "member",
        "modified": "2014-03-21T16:19:29.382Z",
        "created": "2014-03-21T16:19:29.381Z"
    },
    "model": "main.membership",
    "pk": 1
},
{
    "fields": {
        "organization": 1,
        "user": 7,
        "role": "member",
        "modified": "2014-04-07T20:10:56.148Z",
        "created": "2014-04-07T20:10:56.147Z"
    },
    "model": "main.membership",
    "pk": 3
},
{
    "fields": {
        "has_west": true,
        "description": null,
        "created": "2014-03-21T20:18:34.128Z",
        "has_south": true,
        "has_east": true,
        "modified": "2014-04-02T13:50:08.884Z",
        "longitude": "-75.161484",
        "has_north": true,
        "latitude": "39.93719",
        "organization": 1,
        "type": "intersection",
        "name": "11th and Washington"
    },
    "model": "main.location",
    "pk": 1
},
{
    "fields": {
        "has_west": true,
        "description": null,
        "created": "2014-03-25T15:36:29.216Z",
        "has_south": true,
        "has_east": true,
        "modified": "2014-03-25T15:36:29.223Z",
        "longitude": null,
        "has_north": true,
        "latitude": null,
        "organization": 1,
        "type": "intersection",
        "name": "22nd and Sansom"
    },
    "model": "main.location",
    "pk": 2
},
{
    "fields": {
        "has_west": true,
        "description": null,
        "created": "2014-04-01T19:52:39.727Z",
        "has_south": false,
        "has_east": true,
        "modified": "2014-04-02T13:50:08.894Z",
        "longitude": "-75.14823",
        "has_north": false,
        "latitude": "39.955403",
        "organization": 1,
        "type": "bridge",
        "name": "Ben Franklin Bridge"
    },
    "model": "main.location",
    "pk": 4
},
{
    "fields": {
        "has_west": true,
        "description": null,
        "created": "2014-04-01T19:52:39.731Z",
        "has_south": false,
        "has_east": false,
        "modified": "2014-04-02T13:50:08.897Z",
        "longitude": "-75.181894",
        "has_north": false,
        "latitude": "39.951527",
        "organization": 1,
        "type": "bridge",
        "name": "Walnut St Bridge - Mid Bridge"
    },
    "model": "main.location",
    "pk": 5
},
{
    "fields": {
        "has_west": true,
        "description": null,
        "created": "2014-04-01T19:52:39.735Z",
        "has_south": false,
        "has_east": true,
        "modified": "2014-04-02T13:50:08.900Z",
        "longitude": "-75.187039",
        "has_north": false,
        "latitude": "39.947023",
        "organization": 1,
        "type": "bridge",
        "name": "South St Bridge  - Mid Bridge"
    },
    "model": "main.location",
    "pk": 6
},
{
    "fields": {
        "has_west": false,
        "description": null,
        "created": "2014-04-01T19:52:39.740Z",
        "has_south": false,
        "has_east": true,
        "modified": "2014-04-02T13:50:08.903Z",
        "longitude": "-75.181046",
        "has_north": false,
        "latitude": "39.953001",
        "organization": 1,
        "type": "bridge",
        "name": "Chestnut St Bridge - Mid Bridge"
    },
    "model": "main.location",
    "pk": 7
},
{
    "fields": {
        "has_west": true,
        "description": null,
        "created": "2014-04-01T19:52:39.743Z",
        "has_south": false,
        "has_east": true,
        "modified": "2014-04-02T13:50:08.906Z",
        "longitude": "-75.180354",
        "has_north": false,
        "latitude": "39.954459",
        "organization": 1,
        "type": "bridge",
        "name": "Market St Bridge - Mid Bridge"
    },
    "model": "main.location",
    "pk": 8
},
{
    "fields": {
        "has_west": true,
        "description": null,
        "created": "2014-04-01T19:52:39.747Z",
        "has_south": false,
        "has_east": true,
        "modified": "2014-04-02T13:50:08.908Z",
        "longitude": "-75.183497",
        "has_north": false,
        "latitude": "39.964319",
        "organization": 1,
        "type": "bridge",
        "name": "Spring Garden St Bridge - Mid Bridge"
    },
    "model": "main.location",
    "pk": 9
},
{
    "fields": {
        "has_west": false,
        "description": null,
        "created": "2014-04-01T19:52:39.751Z",
        "has_south": true,
        "has_east": true,
        "modified": "2014-04-02T13:50:08.911Z",
        "longitude": "-75.158259",
        "has_north": false,
        "latitude": "39.944905",
        "organization": 1,
        "type": "intersection",
        "name": "10th and Pine"
    },
    "model": "main.location",
    "pk": 10
},
{
    "fields": {
        "has_west": true,
        "description": null,
        "created": "2014-04-01T19:52:39.755Z",
        "has_south": false,
        "has_east": false,
        "modified": "2014-04-02T13:50:08.914Z",
        "longitude": "-75.162644",
        "has_north": true,
        "latitude": "39.946927",
        "organization": 1,
        "type": "intersection",
        "name": "13th and Spruce"
    },
    "model": "main.location",
    "pk": 11
},
{
    "fields": {
        "has_west": false,
        "description": null,
        "created": "2014-04-01T19:52:39.759Z",
        "has_south": true,
        "has_east": true,
        "modified": "2014-04-02T13:50:08.916Z",
        "longitude": "-75.165099",
        "has_north": true,
        "latitude": "39.945555",
        "organization": 1,
        "type": "intersection",
        "name": "Broad and Pine"
    },
    "model": "main.location",
    "pk": 12
},
{
    "fields": {
        "has_west": true,
        "description": null,
        "created": "2014-04-01T19:52:39.763Z",
        "has_south": false,
        "has_east": false,
        "modified": "2014-04-02T13:50:08.921Z",
        "longitude": "-75.17785",
        "has_north": true,
        "latitude": "39.948609",
        "organization": 1,
        "type": "intersection",
        "name": "22nd and Spruce"
    },
    "model": "main.location",
    "pk": 13
},
{
    "fields": {
        "has_west": false,
        "description": null,
        "created": "2014-04-01T19:52:39.766Z",
        "has_south": true,
        "has_east": true,
        "modified": "2014-04-02T13:50:08.924Z",
        "longitude": "-75.176585",
        "has_north": false,
        "latitude": "39.946987",
        "organization": 1,
        "type": "intersection",
        "name": "21st and Pine"
    },
    "model": "main.location",
    "pk": 14
},
{
    "fields": {
        "has_west": true,
        "description": null,
        "created": "2014-04-01T19:52:39.770Z",
        "has_south": true,
        "has_east": true,
        "modified": "2014-04-02T13:50:08.928Z",
        "longitude": "-75.199207",
        "has_north": true,
        "latitude": "39.951251",
        "organization": 1,
        "type": "intersection",
        "name": "38th and Spruce"
    },
    "model": "main.location",
    "pk": 15
},
{
    "fields": {
        "has_west": true,
        "description": null,
        "created": "2014-04-01T19:52:39.773Z",
        "has_south": true,
        "has_east": false,
        "modified": "2014-04-02T13:50:08.932Z",
        "longitude": "-75.210048",
        "has_north": false,
        "latitude": "39.955037",
        "organization": 1,
        "type": "intersection",
        "name": "44th and Walnut"
    },
    "model": "main.location",
    "pk": 16
},
{
    "fields": {
        "has_west": true,
        "description": null,
        "created": "2014-04-01T19:52:39.777Z",
        "has_south": false,
        "has_east": true,
        "modified": "2014-04-02T13:50:08.936Z",
        "longitude": "-75.146579",
        "has_north": true,
        "latitude": "39.961183",
        "organization": 1,
        "type": "intersection",
        "name": "5th and Spring Garden"
    },
    "model": "main.location",
    "pk": 17
},
{
    "fields": {
        "has_west": true,
        "description": null,
        "created": "2014-04-01T19:52:39.781Z",
        "has_south": false,
        "has_east": true,
        "modified": "2014-04-02T13:50:08.941Z",
        "longitude": "-75.15572",
        "has_north": true,
        "latitude": "39.978374",
        "organization": 1,
        "type": "intersection",
        "name": "13th and Cecil B Moore"
    },
    "model": "main.location",
    "pk": 18
},
{
    "fields": {
        "has_west": true,
        "description": null,
        "created": "2014-04-01T19:52:39.784Z",
        "has_south": true,
        "has_east": true,
        "modified": "2014-04-02T13:50:08.946Z",
        "longitude": "-75.134441",
        "has_north": true,
        "latitude": "39.968828",
        "organization": 1,
        "type": "intersection",
        "name": "Girard and Frankford"
    },
    "model": "main.location",
    "pk": 19
},
{
    "fields": {
        "system_name": "yes_no",
        "modified": "2014-03-27T22:27:43.695Z",
        "name": "Yes/No",
        "created": "2014-03-27T22:27:43.694Z"
    },
    "model": "main.valueset",
    "pk": 1
},
{
    "fields": {
        "system_name": "direction",
        "modified": "2014-03-27T22:43:45.446Z",
        "name": "Direction",
        "created": "2014-03-27T22:43:45.445Z"
    },
    "model": "main.valueset",
    "pk": 2
},
{
    "fields": {
        "system_name": "gender",
        "modified": "2014-04-22T14:29:43.099Z",
        "name": "Gender",
        "created": "2014-04-22T14:29:43.098Z"
    },
    "model": "main.valueset",
    "pk": 3
},
{
    "fields": {
        "stored_value": "yes",
        "value_set": 1,
        "modified": "2014-03-27T22:30:10.346Z",
        "created": "2014-03-27T22:30:02.874Z",
        "is_default": false,
        "display_value": "Yes"
    },
    "model": "main.value",
    "pk": 1
},
{
    "fields": {
        "stored_value": "no",
        "value_set": 1,
        "modified": "2014-03-27T22:30:16.827Z",
        "created": "2014-03-27T22:30:16.824Z",
        "is_default": false,
        "display_value": "No"
    },
    "model": "main.value",
    "pk": 2
},
{
    "fields": {
        "stored_value": "north",
        "value_set": 2,
        "modified": "2014-03-27T22:44:29.802Z",
        "created": "2014-03-27T22:44:03.949Z",
        "is_default": false,
        "display_value": "North"
    },
    "model": "main.value",
    "pk": 3
},
{
    "fields": {
        "stored_value": "south",
        "value_set": 2,
        "modified": "2014-03-27T22:44:35.141Z",
        "created": "2014-03-27T22:44:10.448Z",
        "is_default": false,
        "display_value": "South"
    },
    "model": "main.value",
    "pk": 4
},
{
    "fields": {
        "stored_value": "east",
        "value_set": 2,
        "modified": "2014-03-27T22:44:17.828Z",
        "created": "2014-03-27T22:44:17.825Z",
        "is_default": false,
        "display_value": "East"
    },
    "model": "main.value",
    "pk": 5
},
{
    "fields": {
        "stored_value": "west",
        "value_set": 2,
        "modified": "2014-03-27T22:44:24.737Z",
        "created": "2014-03-27T22:44:24.734Z",
        "is_default": false,
        "display_value": "West"
    },
    "model": "main.value",
    "pk": 6
},
{
    "fields": {
        "stored_value": "m",
        "value_set": 3,
        "modified": "2014-04-22T14:30:08.673Z",
        "created": "2014-04-22T14:30:08.670Z",
        "is_default": false,
        "display_value": "Male"
    },
    "model": "main.value",
    "pk": 7
},
{
    "fields": {
        "stored_value": "f",
        "value_set": 3,
        "modified": "2014-04-22T14:30:16.784Z",
        "created": "2014-04-22T14:30:16.780Z",
        "is_default": false,
        "display_value": "Female"
    },
    "model": "main.value",
    "pk": 8
},
{
    "fields": {
        "system_name": "helmet",
        "name": "Helmet",
        "value_set": 1,
        "created": "2014-03-27T22:31:10.875Z",
        "modified": "2014-03-27T22:31:10.877Z",
        "desc": "Wearing a helmet?"
    },
    "model": "main.metric",
    "pk": 1
},
{
    "fields": {
        "system_name": "direction",
        "name": "Direction",
        "value_set": 2,
        "created": "2014-03-27T22:45:06.640Z",
        "modified": "2014-03-27T22:45:06.644Z",
        "desc": "Which direction?"
    },
    "model": "main.metric",
    "pk": 2
},
{
    "fields": {
        "system_name": "gender",
        "name": "Gender",
        "value_set": 3,
        "created": "2014-04-22T14:29:47.553Z",
        "modified": "2014-04-22T14:29:47.559Z",
        "desc": "Gender"
    },
    "model": "main.metric",
    "pk": 3
},
{
    "fields": {
        "system_name": "sidewalk",
        "name": "Sidewalk",
        "value_set": 1,
        "created": "2014-04-22T14:35:51.154Z",
        "modified": "2014-04-22T14:35:51.156Z",
        "desc": "Riding on sidewalk?"
    },
    "model": "main.metric",
    "pk": 4
},
{
    "fields": {
        "system_name": "wrong_way",
        "name": "Wrong Way",
        "value_set": 1,
        "created": "2014-04-22T14:36:15.454Z",
        "modified": "2014-04-22T14:36:15.458Z",
        "desc": "Riding the wrong way?"
    },
    "model": "main.metric",
    "pk": 5
},
{
    "fields": {
        "organization": 1,
        "metric": 1,
        "order": 2,
        "modified": "2014-04-22T14:33:07.259Z",
        "created": "2014-03-27T22:31:36.868Z"
    },
    "model": "main.organizationmetrics",
    "pk": 1
},
{
    "fields": {
        "organization": 1,
        "metric": 2,
        "order": 1,
        "modified": "2014-04-22T14:33:03.510Z",
        "created": "2014-03-27T22:45:08.933Z"
    },
    "model": "main.organizationmetrics",
    "pk": 2
},
{
    "fields": {
        "organization": 1,
        "metric": 3,
        "order": 0,
        "modified": "2014-04-22T14:32:57.015Z",
        "created": "2014-04-22T14:30:36.717Z"
    },
    "model": "main.organizationmetrics",
    "pk": 3
},
{
    "fields": {
        "organization": 1,
        "metric": 4,
        "order": 4,
        "modified": "2014-04-22T14:35:57.675Z",
        "created": "2014-04-22T14:35:57.670Z"
    },
    "model": "main.organizationmetrics",
    "pk": 4
},
{
    "fields": {
        "organization": 1,
        "metric": 5,
        "order": 5,
        "modified": "2014-04-22T14:36:19.487Z",
        "created": "2014-04-22T14:36:19.482Z"
    },
    "model": "main.organizationmetrics",
    "pk": 5
},
{
    "fields": {
        "actual_end": "2014-04-22T15:10:17.905Z",
        "created": "2014-03-25T13:27:42.520Z",
        "modified": "2014-04-22T15:10:17.905Z",
        "scheduled_start": "2014-03-25T13:27:40Z",
        "user": 1,
        "organization": 1,
        "actual_start": "2014-04-22T15:09:00.647Z",
        "location": 1
    },
    "model": "main.appointment",
    "pk": 1
},
{
    "fields": {
        "actual_end": null,
        "created": "2014-04-03T16:16:10.366Z",
        "modified": "2014-04-03T16:16:10.376Z",
        "scheduled_start": "2014-04-03T16:16:09Z",
        "user": null,
        "organization": 1,
        "actual_start": null,
        "location": 18
    },
    "model": "main.appointment",
    "pk": 2
}
]
